{"cameraMode":{"drawMode":0,"name":"Shaded","section":"Shading Mode"},"sceneLighting":false,"audioPlay":false,"sceneViewState":{"m_AlwaysRefresh":false,"showFog":true,"showSkybox":false,"showFlares":true,"showImageEffects":true,"showParticleSystems":true,"showVisualEffectGraphs":true,"m_FxEnabled":true},"in2DMode":false,"pivot":{"x":0.2724999785423279,"y":1.4492948055267335,"z":-0.4719838500022888},"rotation":{"x":-0.11368202418088913,"y":0.6748433113098145,"z":-0.10635194182395935,"w":-0.7213557362556458},"size":0.9173913598060608,"orthographic":false}