{"cameraMode":{"drawMode":0,"name":"Shaded","section":"Shading Mode"},"sceneLighting":false,"audioPlay":false,"sceneViewState":{"m_AlwaysRefresh":false,"showFog":true,"showSkybox":false,"showFlares":true,"showImageEffects":true,"showParticleSystems":true,"showVisualEffectGraphs":true,"m_FxEnabled":true},"in2DMode":false,"pivot":{"x":3.144282341003418,"y":1.5949171781539918,"z":6.507752895355225},"rotation":{"x":0.004096068441867828,"y":-0.41296055912971499,"z":-0.002182771684601903,"w":-0.9107457399368286},"size":4.5462493896484379,"orthographic":false}