{"cameraMode":{"drawMode":0,"name":"Shaded","section":"Shading Mode"},"sceneLighting":false,"audioPlay":false,"sceneViewState":{"m_AlwaysRefresh":false,"showFog":true,"showSkybox":false,"showFlares":true,"showImageEffects":true,"showParticleSystems":true,"showVisualEffectGraphs":true,"m_FxEnabled":true},"in2DMode":false,"pivot":{"x":-0.09282702952623368,"y":2.1546061038970949,"z":-0.23186737298965455},"rotation":{"x":-0.1906021684408188,"y":0.07266445457935333,"z":-0.01414855383336544,"w":-0.9788751602172852},"size":1.5811388492584229,"orthographic":false}