{"cameraMode":{"drawMode":0,"name":"Shaded","section":"Shading Mode"},"sceneLighting":false,"audioPlay":false,"sceneViewState":{"m_AlwaysRefresh":false,"showFog":true,"showSkybox":false,"showFlares":true,"showImageEffects":true,"showParticleSystems":true,"showVisualEffectGraphs":true,"m_FxEnabled":true},"in2DMode":false,"pivot":{"x":0.6795234680175781,"y":-0.15819595754146577,"z":9.254997253417969},"rotation":{"x":-0.22798383235931397,"y":-0.5283688306808472,"z":0.14982448518276215,"w":-0.8039975762367249},"size":0.9668814539909363,"orthographic":false}