{"cameraMode":{"drawMode":0,"name":"Shaded","section":"Shading Mode"},"sceneLighting":false,"audioPlay":false,"sceneViewState":{"m_AlwaysRefresh":false,"showFog":true,"showSkybox":false,"showFlares":true,"showImageEffects":true,"showParticleSystems":true,"showVisualEffectGraphs":true,"m_FxEnabled":true},"in2DMode":false,"pivot":{"x":0.018527984619140626,"y":1.28523850440979,"z":0.27747100591659548},"rotation":{"x":0.03789634630084038,"y":0.8898419141769409,"z":-0.07520055025815964,"w":0.44843441247940066},"size":0.7572537660598755,"orthographic":false}