{"cameraMode":{"drawMode":0,"name":"Shaded","section":"Shading Mode"},"sceneLighting":false,"audioPlay":false,"sceneViewState":{"m_AlwaysRefresh":false,"showFog":true,"showSkybox":false,"showFlares":true,"showImageEffects":true,"showParticleSystems":true,"showVisualEffectGraphs":true,"m_FxEnabled":true},"in2DMode":false,"pivot":{"x":0.42089760303497317,"y":1.2517857551574708,"z":-1.0311806201934815},"rotation":{"x":0.04307381063699722,"y":0.9559147357940674,"z":-0.2266557663679123,"w":0.1816621869802475},"size":1.5073950290679932,"orthographic":false}