{"cameraMode":{"drawMode":0,"name":"Shaded","section":"Shading Mode"},"sceneLighting":false,"audioPlay":false,"sceneViewState":{"m_AlwaysRefresh":false,"showFog":true,"showSkybox":false,"showFlares":true,"showImageEffects":true,"showParticleSystems":true,"showVisualEffectGraphs":true,"m_FxEnabled":true},"in2DMode":false,"pivot":{"x":0.33708953857421877,"y":2.457751750946045,"z":3.1807668209075929},"rotation":{"x":-0.12975826859474183,"y":0.493505597114563,"z":-0.07474087923765183,"w":-0.8567579984664917},"size":2.7811386585235597,"orthographic":false}