{"cameraMode":{"drawMode":0,"name":"Shaded","section":"Shading Mode"},"sceneLighting":false,"audioPlay":false,"sceneViewState":{"m_AlwaysRefresh":false,"showFog":true,"showSkybox":false,"showFlares":true,"showImageEffects":true,"showParticleSystems":true,"showVisualEffectGraphs":true,"m_FxEnabled":true},"in2DMode":false,"pivot":{"x":-2.9488768577575685,"y":1.1643732786178589,"z":-1.2959034442901612},"rotation":{"x":-0.013791247271001339,"y":0.9854833483695984,"z":-0.137177512049675,"w":-0.09907664358615875},"size":2.7811386585235597,"orthographic":false}