{"cameraMode":{"drawMode":0,"name":"Shaded","section":"Shading Mode"},"sceneLighting":false,"audioPlay":false,"sceneViewState":{"m_AlwaysRefresh":false,"showFog":true,"showSkybox":false,"showFlares":true,"showImageEffects":true,"showParticleSystems":true,"showVisualEffectGraphs":true,"m_FxEnabled":true},"in2DMode":false,"pivot":{"x":-0.9776297211647034,"y":3.8785316944122316,"z":-2.781371593475342},"rotation":{"x":0.0007431391277350485,"y":0.9992601275444031,"z":-0.028796499595046045,"w":0.025787657126784326},"size":2.6529924869537355,"orthographic":false}