{"cameraMode":{"drawMode":0,"name":"Shaded","section":"Shading Mode"},"sceneLighting":false,"audioPlay":false,"sceneViewState":{"m_AlwaysRefresh":false,"showFog":true,"showSkybox":false,"showFlares":true,"showImageEffects":true,"showParticleSystems":true,"showVisualEffectGraphs":true,"m_FxEnabled":true},"in2DMode":false,"pivot":{"x":3.4882349967956545,"y":0.09518611431121826,"z":-2.962475299835205},"rotation":{"x":0.03789634630084038,"y":0.8898419141769409,"z":-0.07520055025815964,"w":0.44843441247940066},"size":3.478018283843994,"orthographic":false}