{"cameraMode":{"drawMode":0,"name":"Shaded","section":"Shading Mode"},"sceneLighting":false,"audioPlay":false,"sceneViewState":{"m_AlwaysRefresh":false,"showFog":true,"showSkybox":false,"showFlares":true,"showImageEffects":true,"showParticleSystems":true,"showVisualEffectGraphs":true,"m_FxEnabled":true},"in2DMode":false,"pivot":{"x":-4.813849925994873,"y":1.1842459440231324,"z":-0.4064551591873169},"rotation":{"x":0.012040386907756329,"y":-0.8973645567893982,"z":0.024508977308869363,"w":0.4404614567756653},"size":4.207394599914551,"orthographic":false}